type,terme
hostile,blondasse
hostile,bonne femme
hostile,cagole
hostile,chienne
hostile,connasse
hostile,conne
hostile,crasseuse
hostile,décérébrée
hostile,écervelée
hostile,émotive
hostile,folle
hostile,garce
hostile,gonzesse
hostile,grognasse
hostile,hystérique
hostile,manipulatrice
hostile,mégère
hostile,michto
hostile,michtonneuse
hostile,nana
hostile,névrosée
hostile,nympho
hostile,nymphomane
hostile,pétasse
hostile,pintade
hostile,pute
hostile,salope
hostile,sorcière
hostile,tchoin
hostile,timp
hostile,timpe
hostile,truie
hostile,vulgaire
paternaliste,bécasse
paternaliste,cruche
paternaliste,drama queen
paternaliste,frigide
paternaliste,gourde
paternaliste,greluche
paternaliste,ma grande
paternaliste,ma pauvre
paternaliste,ma petite
paternaliste,ma poule
paternaliste,mal baisée
paternaliste,mère
paternaliste,nunuche
paternaliste,pauvre fille
paternaliste,vieille fille
anti_feministe_politique,cancel culture
anti_feministe_politique,castratrice
anti_feministe_politique,femen
anti_feministe_politique,féminazi
anti_feministe_politique,féminazie
anti_feministe_politique,féminisé
anti_feministe_politique,féminiser
anti_feministe_politique,féminisme moderne
anti_feministe_politique,féministe moderne
anti_feministe_politique,féministes modernes
anti_feministe_politique,femme moderne
anti_feministe_politique,femmes modernes
anti_feministe_politique,guerre des sexes
anti_feministe_politique,homme matriarcal
anti_feministe_politique,homme moderne
anti_feministe_politique,homme patriarcal
anti_feministe_politique,hommes modernes
anti_feministe_politique,lobby féministe
anti_feministe_politique,mascu
anti_feministe_politique,masculinisme
anti_feministe_politique,matriarcat
anti_feministe_politique,misandre
anti_feministe_politique,misandrie
anti_feministe_politique,nature féminine
anti_feministe_politique,néo-féminisme
anti_feministe_politique,neo-feministe
anti_feministe_politique,patriarcat
anti_feministe_politique,patriarche
anti_feministe_politique,wokisme
anti_feministe_politique,wokiste
objectifiant_ou_sexuel,aguicheuse
objectifiant_ou_sexuel,allumeuse
objectifiant_ou_sexuel,baiser
objectifiant_ou_sexuel,bonnasse
objectifiant_ou_sexuel,bonne à baiser
objectifiant_ou_sexuel,chaudasse
objectifiant_ou_sexuel,cochonne
objectifiant_ou_sexuel,coquine
objectifiant_ou_sexuel,décolleté
objectifiant_ou_sexuel,fille facile
objectifiant_ou_sexuel,imbaisable
objectifiant_ou_sexuel,mini-jupe
objectifiant_ou_sexuel,minijupe
objectifiant_ou_sexuel,niquer
objectifiant_ou_sexuel,planche à pain
objectifiant_ou_sexuel,pouffe
objectifiant_ou_sexuel,poufland
objectifiant_ou_sexuel,poutrer
objectifiant_ou_sexuel,pucelle
objectifiant_ou_sexuel,sexy
objectifiant_ou_sexuel,soutif
incel,bdh
incel,bodycount
incel,cuck
incel,elle+mid
incel,émasculé
incel,émasculer
incel,femelle
incel,friendzone
incel,homme-soja
incel,hypergamie
incel,mondial
incel,périmée
incel,plan cul
incel,plan culs
incel,plans cul
incel,plans culs
incel,simp
incel,tana
incel,vierge
incel,virginité
